,Flight_Fare,Index_column
0,10569.631850108022,0
1,13151.87794907506,15
2,11255.177543426375,16
3,10822.709248042369,20
4,9845.37900311268,21
5,12008.772719668637,23
6,3744.282234119985,24
7,9448.923148587106,28
8,14884.357597337343,37
9,9494.095702306926,38
10,2166.831762932101,42
11,6563.263304145811,57
12,4192.487212238979,58
13,13292.788476523818,60
14,4213.68582145314,64
15,6515.472725684917,65
16,5767.2201848627055,80
17,10736.328390898421,83
18,9689.104053708796,88
19,10881.550081329435,98
20,10207.962436957503,99
21,14455.231786517963,101
22,10583.252775569928,102
23,2949.9806758279155,105
24,13297.580751201584,106
25,10557.377129423478,107
26,14673.28294366041,109
27,11688.145167367633,110
28,4049.6970200020623,111
29,5923.593271875874,112
30,7621.952526387676,113
31,15646.349400210127,117
32,6049.688890156587,118
33,5282.9701409156905,122
34,8579.04432029126,123
35,11379.959406315686,124
36,3799.8029709519346,125
37,13481.609183431667,129
38,7127.866903278621,131
39,6331.186392090952,143
40,11223.276464297285,147
41,3333.4294527342886,163
42,6163.551990929187,168
43,3127.553065326733,172
44,7334.00153506496,175
45,8064.613827788147,179
46,13270.432516626022,182
47,9847.182972033444,183
48,10274.2295952859,185
49,10458.003001082921,190
50,10472.53078707889,193
51,11445.385551030215,195
52,4659.637610806557,204
53,9912.875867834062,211
54,19479.260249925705,213
55,9800.282096807969,215
56,10097.22621684777,216
57,14155.800227857259,218
58,2554.220731111113,219
59,8793.372866911137,221
60,6892.257804537188,234
61,18571.02252141345,235
62,8332.839832593614,239
63,13444.56977360505,241
64,5205.207711975089,242
65,16588.123744323017,243
66,10804.209696978143,245
67,9524.912949964944,247
68,11016.74126323368,251
69,10314.506108086074,252
70,11098.957981566755,254
71,7331.004892333595,267
72,14539.871969005297,268
73,4487.356613351664,275
74,9473.841289308466,276
75,5404.913201703846,282
76,10127.045332911062,288
77,13983.919621235618,289
78,9762.634310542828,293
79,2217.5603806416207,299
80,6593.374144857923,300
81,10722.46378994466,302
82,9993.262170277541,304
83,8475.952941177537,307
84,8040.54180928267,309
85,11857.404632560947,310
86,10026.951524640363,313
87,10527.152537316433,315
88,11257.014424306935,316
89,10958.538860893963,318
90,13821.043105658404,322
91,13895.921874704398,334
92,11576.234556659561,337
93,10517.999058537214,339
94,11453.715429953643,342
95,12009.785454761686,348
96,4842.843873646723,349
97,4797.8710825646895,358
98,10651.289485814239,365
99,3971.308299257536,370
100,9371.995269267376,375
101,6013.845309115522,377
102,10738.079926985967,383
103,4452.002317941484,384
104,4741.590129821088,390
105,13452.016286840137,392
106,9878.874653006345,400
107,10949.412806840459,412
108,6594.089859016157,420
109,11272.36513452787,421
110,12971.407413709421,428
111,7658.213177233157,437
112,10009.607438163568,439
113,16337.99757314757,446
114,4411.316479210102,450
115,10884.419992144169,454
116,15480.510786870125,457
117,12059.133518399583,458
118,7916.744706400968,463
119,4004.4982935119588,465
120,4907.680226847598,467
121,8927.380311301311,468
122,14309.168516855503,471
123,10256.705575049096,477
124,10190.371026000395,480
125,11531.310267793657,485
126,9932.658197324652,486
127,7093.5615779504415,487
128,12442.268984796712,493
129,3625.787243770959,497
130,12453.729213850778,498
131,11440.920691428177,503
132,3086.977162575525,505
133,9411.968282182199,508
134,9573.55918998016,510
135,6380.521968185622,512
136,3978.8518300445335,514
137,13920.336923129362,516
138,11434.904830716552,519
139,10065.421187178514,520
140,2151.7715160916523,524
141,5506.087143033475,525
142,15813.493590968219,526
143,10284.737125907655,532
144,7487.610930682436,533
145,6578.534120573325,537
146,13762.047490262186,539
147,9594.318631121678,540
148,9821.062320079618,542
149,7356.565542910011,543
150,5164.957545191514,544
151,7643.410901800936,548
152,2928.629337600023,551
153,6606.653387179337,556
154,7785.472388140634,558
155,15695.357760509165,564
156,9208.872168887885,568
157,8453.698446159351,575
158,9182.146231582956,577
159,8542.072467754324,588
160,6877.388155247732,590
161,8807.210848614353,594
162,10655.905535647122,598
163,10995.215337009082,600
164,11223.276464297285,606
165,3838.795280226959,607
166,2919.2340731376776,622
167,12883.58511250538,626
168,12808.694177158686,629
169,8062.329207480679,630
170,7437.144483758046,633
171,2507.6933103120605,635
172,10988.327021188074,637
173,4895.895098469012,642
174,7112.330735236071,644
175,9748.881536387467,647
176,13130.248349175434,654
177,3601.657471689803,657
178,10211.830537021182,685
179,8957.210431698855,686
180,4114.952810558847,688
181,7881.247087579587,693
182,9617.486773767763,694
183,10882.802662538728,701
184,10219.541637244005,705
185,9469.535888109725,708
186,15813.493590968219,710
187,9494.24821698383,714
188,6655.888922826718,719
189,4267.4596861088185,728
190,9449.01347380753,729
191,12008.772719668637,730
192,10480.336941822121,731
193,3943.135786851575,738
194,10339.768803672285,739
195,7074.516088444069,740
196,6611.599277916663,743
197,6630.603548843042,747
198,6456.178327610371,749
199,13514.440284758834,750
200,5625.087054188611,752
201,9626.223238912362,755
202,11247.845812884902,761
203,14909.133948936862,765
204,13131.853642301163,775
205,3888.3410732063944,776
206,4570.021420622027,790
207,9208.872168887885,791
208,13917.842256790746,794
209,10882.802662538728,798
210,9741.675432854654,803
211,8596.310562878201,805
212,10477.1434606401,806
213,15547.911223114561,817
214,10026.626916275482,825
215,4181.8993368250985,828
216,14572.130640076815,830
217,9415.826739225544,843
218,5318.397032752779,853
219,11077.4256164737,856
220,12185.215658415982,858
221,15549.085361678606,863
222,5131.451689127135,873
223,8226.638083951688,879
224,5803.239127260673,880
225,4129.210042131633,887
226,14018.54095045749,890
227,14331.857670276251,895
228,10526.028495283033,896
229,9741.675432854654,897
230,7298.02435732528,900
231,6463.92249917083,903
232,9975.145626375417,906
233,12902.304357655203,909
234,3800.1828401043385,910
235,9651.578519986055,913
236,7429.40140938195,915
237,5116.947897904844,924
238,14187.310873872026,925
239,3523.146510537996,926
240,11427.803253596148,934
241,9824.493679882975,935
242,8743.642150324267,936
243,1924.6995855660173,939
244,15004.822294469568,941
245,15813.493590968219,943
246,2888.724923470511,948
247,2928.629337600023,950
248,4452.637193219455,952
249,10492.448593596877,953
250,10407.728218776021,954
251,4732.339352492935,958
252,3442.435958792624,973
253,6133.501897629522,974
254,12899.585028529144,975
255,11143.565841600916,976
256,9419.644268217478,987
257,13604.739344842745,991
258,5445.389501845732,998
259,8242.769273539305,1000
260,13121.563428773681,1002
261,11397.19837841804,1007
262,2865.3597103918855,1012
263,6674.701629790577,1014
264,2151.7715160916523,1017
265,13832.512209851042,1022
266,3728.9093968860434,1024
267,2919.2340731376776,1025
268,13929.04956115486,1028
269,7012.525523960262,1030
270,10526.028495283033,1033
271,3955.28245160244,1036
272,8277.476535223688,1040
273,10586.09058160842,1042
274,4250.258233858619,1044
275,6660.527424519591,1047
276,10413.977864483859,1051
277,14912.746618449424,1054
278,6385.756671894043,1059
279,6997.688164243595,1060
280,3038.5669963251353,1066
281,7924.633013181268,1067
282,14884.357597337343,1070
283,11605.696356549613,1071
284,6040.46269618598,1079
285,5121.029384740044,1082
286,15919.51060428054,1083
287,5115.630854912949,1091
288,4722.413681582316,1092
289,10200.868556061165,1093
290,6771.861918528499,1095
291,6749.01131946455,1096
292,6221.438842922122,1105
293,2690.0378911274342,1107
294,3686.0433064385816,1112
295,8927.380311301311,1115
296,10359.856729096706,1120
297,9095.849560932911,1124
298,11582.458318130646,1128
299,2956.845950154127,1130
300,4358.735228560796,1132
301,11634.776536826286,1137
302,2394.5987580834967,1138
303,6288.789944778678,1139
304,8816.075387315037,1143
305,11342.082607528448,1145
306,6361.861196452126,1162
307,10296.241058942389,1163
308,9932.658197324652,1165
309,10448.88556056077,1174
310,4097.48688393091,1177
311,9078.120769001418,1178
312,9122.145503902197,1179
313,11511.070529318662,1185
314,9398.930289864345,1187
315,14050.991698805461,1189
316,7636.637630843875,1190
317,13777.74743474032,1193
318,7084.9572889552655,1194
319,7873.240627284769,1197
320,3283.807709939532,1204
321,6489.875432542067,1205
322,14741.582673752651,1217
323,4520.125804709874,1220
324,10728.34324035837,1225
325,10896.858985490553,1228
326,9966.573174242783,1234
327,9588.565215394949,1238
328,6608.89587142471,1239
329,12925.044649971454,1241
330,11539.59539078648,1242
331,6095.226755609364,1248
332,7003.153873103637,1252
333,8862.50406602134,1255
334,12582.875538623475,1260
335,11218.968792807505,1264
336,3295.2152980111173,1276
337,9000.613155380039,1277
338,4471.40597378341,1278
339,3777.7016116071677,1279
340,11641.331209833392,1284
341,9108.663254491095,1290
342,11286.317754371366,1292
343,13809.071777211366,1295
344,13729.866721140148,1296
345,13394.374838311584,1300
346,12234.68354237444,1315
347,6642.486951668558,1316
348,9161.07361529828,1322
349,11137.2153256355,1324
350,8334.384408345604,1325
351,11286.317754371366,1327
352,11460.669464533648,1331
353,7753.686525276543,1334
354,3993.119267871778,1337
355,4771.6539221967805,1340
356,6958.529701936403,1342
357,7462.055452174424,1348
358,3996.450603983025,1354
359,14196.038931497409,1358
360,9979.228799377704,1362
361,9951.250527977712,1363
362,9947.648779270008,1366
363,5968.864679302899,1367
364,9197.109733164283,1370
365,10357.194904469165,1373
366,13966.119419828698,1374
367,10211.830537021182,1375
368,2468.032439755452,1380
369,8566.627405752697,1381
370,10239.600927746902,1382
371,10161.935620559952,1387
372,3796.044202977382,1391
373,13806.628885841179,1393
374,11083.460685113503,1396
375,7253.5569386317975,1402
376,3770.1536549723764,1403
377,4253.36106329748,1404
378,9527.504137354881,1406
379,17589.792564363062,1407
380,14248.036220304208,1408
381,2606.2337701223446,1413
382,6024.837577412916,1417
383,11080.41773131014,1419
384,16934.34877037608,1426
385,8669.641977455065,1428
386,4631.652669235999,1429
387,9587.056058822689,1430
388,2485.9183421485923,1432
389,10495.891832054613,1434
390,4681.171642984981,1437
391,10541.434290221747,1439
392,12929.318785248708,1442
393,13131.853642301163,1445
394,10680.008925058197,1451
395,4427.21550284057,1453
396,8442.740662146825,1470
397,13786.474233622675,1471
398,9340.197351050472,1479
399,11081.778731421296,1490
400,12527.099089775707,1492
401,11178.249841997436,1494
402,3789.577400722357,1497
403,11304.407256887951,1498
404,9706.55883298362,1500
405,11967.810554361626,1509
406,10127.362541255536,1513
407,10369.418537281665,1516
408,4489.2354799299355,1519
409,3630.329869446461,1527
410,10949.412806840459,1530
411,9481.081240765867,1531
412,5361.011961730375,1537
413,11327.818695997752,1547
414,6385.756671894043,1551
415,10086.988492366907,1552
416,9269.350146368213,1558
417,11297.073167040267,1562
418,11265.142981487354,1567
419,10086.988492366907,1569
420,11648.233324364352,1575
421,14238.665227478385,1581
422,3890.2281049257795,1582
423,6017.938981642204,1585
424,14286.135656217099,1587
425,11128.430610152316,1590
426,12861.112515480823,1593
427,1561.3350989955934,1597
428,4390.991160506332,1598
429,7740.18744685653,1605
430,7529.5956995873485,1616
431,9411.16621718944,1621
432,10217.572388496408,1625
433,13485.541741917572,1627
434,5002.092895485191,1631
435,4020.0851127389938,1635
436,10219.4925519795,1637
437,9044.201340428595,1641
438,3897.625629651621,1645
439,10645.010654942604,1648
440,4465.760632693954,1649
441,9432.493703159469,1650
442,9259.456292752327,1651
443,13534.214350936092,1653
444,6927.486588854151,1655
445,9449.01347380753,1656
446,8179.861492238141,1658
447,10858.456454022218,1659
448,5290.696330790041,1660
449,8502.802324809572,1667
450,10766.743230446626,1672
451,14525.710113759793,1681
452,3236.4392875461617,1683
453,8927.557045794534,1692
454,10569.631850108022,1695
455,7519.914471474279,1699
456,2166.831762932101,1706
457,9371.995269267376,1712
458,5979.849948436861,1715
459,9585.269779025595,1717
460,11434.615319940693,1718
461,3819.154288895496,1725
462,9108.361558960654,1726
463,4764.189868535406,1727
464,4341.855221021099,1736
465,3262.0915285036303,1737
466,5248.974825017484,1746
467,13085.378280604966,1748
468,10354.532224644141,1749
469,11167.66459979942,1752
470,3943.744986830619,1754
471,14386.70091483836,1759
472,5445.389501845732,1772
473,4000.8634394322376,1773
474,13616.440415199353,1774
475,2977.73466682835,1782
476,10358.423116343414,1783
477,10682.325257955652,1784
478,12384.2485697289,1786
479,9129.637365881363,1791
480,9391.223422842775,1793
481,13966.119419828698,1810
482,10007.264759518957,1812
483,8955.816651928131,1817
484,10113.877739144647,1819
485,2049.2275066251527,1821
486,5725.042043361416,1825
487,9689.104053708796,1829
488,9824.493679882975,1834
489,4698.050613423139,1835
490,15480.510786870125,1836
491,10351.909084087978,1843
492,8295.38054809634,1844
493,16178.801595881325,1850
494,10687.022206033711,1852
495,5634.9130878728365,1856
496,7013.2246163648415,1860
497,9901.622566268466,1861
498,11874.317658902643,1865
499,9432.493703159469,1867
500,14227.55302350547,1874
501,10567.192484745172,1883
502,8178.59895717758,1889
503,11607.800775281175,1890
504,2847.214775286377,1893
505,2484.3782871665876,1904
506,8924.684262177847,1905
507,11416.90557524087,1916
508,3322.702077310252,1919
509,10516.263282354217,1926
510,12972.139460323082,1933
511,10697.738365180261,1935
512,10070.041488868746,1937
513,10964.466804468335,1945
514,5188.655968280639,1951
515,7789.11715755979,1952
516,10677.46110523847,1953
517,6573.632441880848,1954
518,14636.13305449672,1961
519,10884.419992144169,1962
520,10188.368927998883,1963
521,3145.2055054397188,1964
522,10644.919732349863,1968
523,4920.829242757135,1971
524,8690.070107166359,1974
525,7443.428776620657,1978
526,9481.081240765867,1984
527,5759.139040377709,1997
528,3903.291788958822,2006
529,9060.11475208821,2009
530,7314.841272048503,2011
531,4485.35409114145,2012
532,8944.508973136553,2018
533,2469.5289465363794,2021
534,7394.297525934744,2023
535,10811.061336330908,2042
536,9243.107128997617,2043
537,9448.923148587106,2044
538,10206.375596972137,2050
539,9560.600441235458,2052
540,11009.368708251088,2053
541,6349.433402985742,2059
542,4832.2158440360645,2060
543,9728.652900425615,2063
544,13781.55366170058,2068
545,3792.014883191407,2074
546,11985.271929171286,2080
547,5664.670904285015,2082
548,9740.038742743749,2084
549,11793.354685542376,2091
550,5128.210626884301,2094
551,6175.4689104938525,2101
552,10278.877971987999,2103
553,8170.85828653591,2107
554,10895.145369321739,2112
555,10207.433758434594,2117
556,10249.049627993942,2118
557,13517.125816621876,2121
558,8248.554694777386,2123
559,6040.46269618598,2125
560,2541.178882241888,2126
561,10964.466804468335,2129
562,8370.234621882513,2131
563,10639.955947561199,2132
564,9375.567866046937,2133
565,4000.995602360752,2134
566,4290.547910001271,2136
567,11893.998044114953,2138
568,11677.98602402707,2146
569,12913.032694937841,2154
570,10388.900619990249,2158
571,8300.668754389184,2160
572,11183.534007141629,2162
573,10347.629432047213,2165
574,11524.236363654616,2177
575,12192.44467588797,2179
576,9375.567866046937,2187
577,13215.108660969088,2191
578,12036.898206257481,2194
579,5810.90067418066,2198
580,10433.04747332479,2199
581,9133.599084977226,2202
582,10536.190679134636,2205
583,14515.649459920018,2207
584,8755.66666572134,2211
585,10567.192484745172,2214
586,11513.40527831611,2216
587,10562.014728538097,2222
588,11327.003201593527,2224
589,3115.155020794958,2228
590,15277.62484429234,2237
591,12861.817775924976,2240
592,6618.096502834423,2245
593,11420.20842601421,2248
594,11805.244295847626,2252
595,5253.1723843417285,2256
596,16041.365736994192,2261
597,6075.546757695108,2267
598,10246.608435386164,2272
599,5849.9254181713795,2274
600,10347.629432047213,2277
601,14419.227630741845,2278
602,9071.017682197149,2293
603,5104.019787174083,2299
604,15319.190458416248,2302
605,13618.563251311461,2303
606,10484.430658589075,2304
607,13080.947469767567,2316
608,5956.220541251195,2319
609,9972.335822181762,2320
610,2860.3666952830067,2321
611,12664.225662005627,2327
612,14484.880462262978,2329
613,9464.693906295257,2330
614,15480.510786870125,2331
615,10944.531610629967,2335
616,13935.398862246182,2337
617,2977.73466682835,2339
618,10239.600927746902,2341
619,10665.419664208874,2346
620,13935.735877912817,2350
621,12505.535915967535,2352
622,8131.686825424661,2353
623,13163.114560112934,2355
624,10279.762653784657,2357
625,2826.8952050596763,2358
626,14578.142427452252,2365
627,10991.913439434376,2366
628,3698.8835139808393,2375
629,4311.970366215718,2380
630,14744.9098915048,2394
631,13588.936396186473,2399
632,7804.438101665099,2404
633,4434.664674965639,2405
634,11407.31301062613,2412
635,11176.23533053478,2415
636,11362.6841285284,2416
637,3987.512524157313,2419
638,11028.09377874404,2420
639,8871.213668432089,2424
640,7329.9869212744115,2426
641,3960.637032200071,2430
642,14173.349778076657,2432
643,3056.368133578271,2433
644,6842.179412931521,2436
645,6211.083188796993,2438
646,5311.94299191632,2441
647,12969.614591093627,2445
648,13708.700152998617,2449
649,4452.002317941484,2450
650,7031.032112396014,2452
651,10082.78388573406,2459
652,11861.276269470225,2461
653,3496.461731369462,2466
654,10535.347031415233,2467
655,10967.10071996226,2468
656,7674.518876208487,2473
657,7213.152940055256,2481
658,14477.03306205743,2483
659,11222.200376084234,2484
660,5238.257097211169,1
661,10221.347913551837,5
662,9925.851644588862,6
663,3577.6099303158276,8
664,10367.733623298076,9
665,6840.670524126651,11
666,9243.127539565417,12
667,7786.802064332558,13
668,9765.017039490245,18
669,10588.33676319873,19
670,10992.970715499794,22
671,3965.8913998037256,26
672,11913.076206663021,32
673,6003.614290586619,33
674,3197.3046594752977,34
675,4075.0043656909893,35
676,3112.7895351308616,36
677,9210.539891656746,39
678,3567.00863214745,40
679,7488.653960936885,41
680,8721.732482477271,43
681,11974.189946450491,49
682,13573.476528248779,52
683,3805.253724031911,53
684,4749.243455719346,54
685,6957.720130497854,55
686,9443.128580859828,59
687,7344.050122063824,66
688,4874.739113799526,67
689,2360.287136370621,69
690,11812.44893258812,70
691,5962.1879152743595,72
692,2215.0088509345064,73
693,10620.604619577263,78
694,8160.824871265384,81
695,8435.83371669831,84
696,11016.30162187385,86
697,2767.998749724769,87
698,10650.71922463162,89
699,10165.15197458588,90
700,2389.2250797997945,94
701,10475.23742151346,95
702,2796.5216911052835,103
703,8799.098451788408,104
704,9175.16702077273,108
705,11536.649244074828,114
706,10756.962109298483,115
707,4541.927223476914,116
708,12739.881419452699,119
709,10992.014923300905,120
710,3951.0750749339336,121
711,7701.542553343065,127
712,9548.259393652632,134
713,4245.803855838222,136
714,7445.264623537897,138
715,11186.612991390464,141
716,9503.159615406421,142
717,4266.155572828601,145
718,4469.595717186846,146
719,8482.29518082558,148
720,9580.286008103385,149
721,3529.2726327103733,155
722,4668.598507643698,156
723,9926.165658028207,157
724,3642.2910171410203,158
725,5652.2987798028225,159
726,4052.8383047356506,162
727,2740.547990885083,166
728,11466.705219206624,173
729,10620.604619577263,178
730,8365.154072505235,189
731,10212.674437113888,192
732,11018.81847119103,206
733,5884.332402582386,209
734,11665.408049743224,210
735,3694.327350248466,222
736,9818.987758032785,224
737,3548.451359319899,225
738,10097.993412555508,230
739,4374.852696469529,233
740,3966.0420830101107,236
741,8361.519743844261,237
742,3421.304741819051,246
743,8949.173831825821,253
744,6135.136072451867,256
745,9028.645484015782,258
746,12596.728513172233,259
747,11341.183713632008,270
748,5992.677662365804,272
749,9718.235371709367,277
750,3235.1315625025404,284
751,5401.402202318837,285
752,11992.94236737663,290
753,8846.17641729484,294
754,10994.763800142768,297
755,7967.192762431815,301
756,7624.306820482,303
757,5925.447553220914,317
758,5652.2987798028225,319
759,10257.564024503625,321
760,10841.690929051576,324
761,11369.708964608164,327
762,1133.3417512393016,330
763,4750.790437721819,333
764,9485.364548969168,335
765,6207.060592176877,336
766,10790.634297880524,340
767,3112.193302225829,341
768,10204.08918659239,346
769,8269.769357426492,351
770,9897.664063765113,352
771,11027.830872233397,355
772,6245.6009340535165,359
773,3811.957413015572,364
774,9766.306977536644,367
775,4094.5826748501677,368
776,10811.067997032857,372
777,10587.623930929307,374
778,3378.1547319830484,385
779,10592.350001298155,387
780,9906.03549670772,389
781,4354.504712500247,397
782,3343.5622711477517,399
783,3111.740438034607,401
784,11028.068345590511,403
785,10320.707719441487,407
786,9860.227675798567,408
787,11805.524014277506,411
788,3776.2465578176707,413
789,11355.912173402246,414
790,10621.762709027678,416
791,6426.4044636591525,417
792,6755.613884602751,426
793,10341.53934283562,429
794,3815.3816563706882,430
795,8969.632630546164,432
796,10479.661275858372,435
797,3396.379690852933,440
798,9199.617182254608,441
799,10197.087464828046,442
800,10164.949929845983,448
801,10410.184560248312,459
802,13090.438180415897,462
803,3351.6776945882775,469
804,6796.605269210981,472
805,3871.711214441115,474
806,9208.821623417905,476
807,9301.797413056198,478
808,15480.524193807258,482
809,6046.687987180514,484
810,10882.926293723014,488
811,3433.7145410764665,492
812,10169.470008926322,496
813,7111.398776221057,499
814,8876.663274880757,502
815,10066.603626790873,504
816,12159.829297913651,509
817,3976.860600285458,513
818,4309.518958301099,527
819,4182.546747482187,529
820,3743.496010673173,534
821,5046.986522036045,535
822,8205.277828840792,546
823,12001.55367350112,549
824,4289.715578369022,553
825,11930.130119470487,554
826,12061.516435049625,557
827,10864.4156374641,560
828,7570.804999284944,567
829,12243.570762009142,570
830,10709.186598275133,576
831,10496.696464263243,579
832,4422.910463911139,582
833,4688.3578915359485,583
834,9795.824488904298,584
835,7880.363997752681,586
836,6750.322873912439,591
837,6886.930513184597,592
838,7511.023618304131,593
839,12849.449262901035,595
840,4177.525007048935,596
841,6717.089963733893,597
842,5873.403829635736,601
843,7722.288025641986,603
844,4572.44322091399,604
845,10599.286563795402,605
846,10498.086749102984,611
847,8338.706192729338,613
848,6753.59122595569,614
849,5550.697478179212,616
850,6537.486268348471,619
851,10264.926279993353,621
852,6094.781628497512,624
853,10157.536706401947,627
854,6366.824653271059,631
855,3601.292998113044,648
856,9921.847042688942,649
857,6023.408232113208,650
858,8385.797604988953,658
859,6539.301707448108,660
860,8903.146971756252,666
861,8837.70532853194,667
862,11043.77802100258,669
863,7191.259598864301,672
864,4750.954123074241,674
865,4667.964476639022,676
866,5634.327972467861,690
867,5781.740782000157,692
868,8384.248481654204,698
869,3276.367639561964,702
870,3071.2765676627023,706
871,12572.314325651336,707
872,10056.759034655464,709
873,7016.940977270118,711
874,9185.735804454258,713
875,12147.498434638852,715
876,7828.897274206892,721
877,4272.733342683121,723
878,11878.112624191026,725
879,3622.2522377642526,727
880,10051.085540439417,732
881,6722.98575720569,733
882,5415.417708851007,734
883,11406.494286428164,737
884,10888.952535299008,742
885,9327.53671001373,744
886,4529.1801630208765,748
887,4965.421934958346,751
888,11018.81847119103,757
889,4433.202163552436,766
890,9681.185384029097,770
891,10140.518769874794,771
892,11812.44893258812,779
893,3718.95147310362,781
894,4199.510461038681,783
895,10333.353292421205,784
896,1740.0483261673244,785
897,11630.288003075757,789
898,4061.7809574358557,795
899,11237.671244283665,797
900,8723.192367815675,799
901,7854.310833680195,802
902,9555.132536933286,807
903,11903.509273591291,809
904,11805.524014277506,810
905,9038.783418028272,816
906,11281.285370525306,819
907,2216.680036477232,822
908,4965.421934958346,826
909,3252.0928521067203,827
910,6079.391494475076,833
911,9257.116703964819,834
912,9857.1303288618,837
913,10017.574576141413,838
914,5340.583199017567,839
915,8135.69355263688,841
916,11039.87125659087,846
917,4057.2165602169425,849
918,11016.30162187385,850
919,3482.0086585659224,852
920,13389.465856921093,860
921,3736.8941737721725,864
922,11371.905644258039,871
923,8058.3432794208575,872
924,3754.855148840235,874
925,8564.660502640338,877
926,11102.950540159864,881
927,9919.135810745453,885
928,12152.269090444403,886
929,6257.928064031153,892
930,8344.694238638098,894
931,10953.20574890043,901
932,5299.122111887845,908
933,10017.132912335384,916
934,7974.3727432169335,917
935,3550.3802463251645,918
936,4929.532870928727,920
937,4160.293119507606,932
938,12317.180135341767,938
939,4220.011310154005,942
940,10962.00718585115,949
941,13090.438180415897,951
942,4186.792855978011,955
943,9839.011631822052,957
944,5367.667080933822,959
945,3623.3679293533683,960
946,10141.952668337452,962
947,6079.391494475076,963
948,5280.559304676132,964
949,9137.151595822243,977
950,8895.563304916051,978
951,8354.309239511154,979
952,3930.555695961966,989
953,4433.202163552436,990
954,5813.500001596526,993
955,4488.888914864968,997
956,10146.343969382951,1003
957,11761.883942431645,1005
958,10790.634297880524,1009
959,7537.425305038826,1011
960,1249.3320999764937,1015
961,5761.387292782853,1016
962,8734.771836078673,1023
963,5864.530440258452,1026
964,8884.363753749316,1034
965,7545.464824509197,1035
966,12309.072725335267,1048
967,12164.135788483838,1049
968,2709.809256771363,1055
969,9951.307530259552,1058
970,4069.4645375064283,1065
971,5977.911250253201,1074
972,4227.207493159024,1075
973,8326.289503643666,1077
974,3545.989695281012,1086
975,4083.4796561048374,1087
976,11028.068345590511,1088
977,3425.4882465886853,1089
978,10024.09061766517,1090
979,7120.153336943354,1099
980,8230.24296883639,1100
981,7404.597833104696,1101
982,2619.4842774166245,1102
983,10181.318071514494,1106
984,4559.430941674728,1108
985,3625.5045002687116,1114
986,9615.073374204478,1116
987,4483.7006985583275,1121
988,3966.7756682428458,1122
989,13872.468316108529,1125
990,7454.66836929142,1126
991,4173.506990104517,1127
992,3495.073781874848,1131
993,10516.013069090659,1134
994,6370.492938797889,1144
995,12030.821709874881,1146
996,9619.897534200723,1147
997,3580.61061336859,1148
998,3580.61061336859,1149
999,12327.552415385551,1151
1000,3459.6307976691496,1153
1001,3119.838080491972,1159
1002,1249.3320999764937,1160
1003,7897.590120383306,1164
1004,10934.121035226184,1166
1005,3994.212187384985,1168
1006,11296.016149883135,1169
1007,2625.9502621231436,1172
1008,7073.746571756863,1173
1009,6875.815286094233,1181
1010,7622.624300070806,1183
1011,8969.632630546164,1195
1012,4106.265225077094,1200
1013,8921.667648650078,1202
1014,11074.188411714485,1206
1015,10620.0591378263,1207
1016,7179.70254897892,1208
1017,7496.100503952231,1213
1018,6123.9528206704745,1215
1019,8519.80383983126,1216
1020,11926.656521818457,1218
1021,10174.425013324608,1219
1022,12862.28891184852,1222
1023,10796.330071900526,1223
1024,6632.9550381023555,1229
1025,9988.18741148838,1230
1026,9919.135810745453,1254
1027,8724.999646159353,1256
1028,8324.788644753238,1261
1029,8770.43012985687,1269
1030,3989.2880733511884,1271
1031,6913.574018109882,1272
1032,3271.501272089881,1273
1033,3991.67692515525,1274
1034,10176.083019256868,1281
1035,11391.762281392022,1285
1036,9617.927369817993,1286
1037,10592.202131007456,1288
1038,12142.629957105884,1289
1039,9776.97629223452,1294
1040,9957.070341642708,1298
1041,10876.414123997449,1299
1042,9949.100685772884,1303
1043,4170.658924816724,1305
1044,5810.005043637014,1308
1045,10118.699914407589,1309
1046,8027.2131204787875,1323
1047,11001.394625581795,1326
1048,3509.6420194497928,1329
1049,4772.369472055029,1333
1050,4577.183587088552,1345
1051,10427.953715716196,1351
1052,3659.2582137060326,1352
1053,11354.003722690075,1355
1054,5161.8062843183225,1356
1055,9543.386099648842,1361
1056,10682.338328478063,1364
1057,3164.35938655835,1365
1058,4114.118899533243,1369
1059,10770.898254227703,1371
1060,4432.756352546258,1377
1061,3704.102297970743,1386
1062,9429.386910611951,1388
1063,4170.658924816724,1392
1064,6351.326390390019,1394
1065,13730.73237256134,1395
1066,10187.36706608541,1397
1067,10977.180088406967,1398
1068,4519.3919603995955,1405
1069,10630.424625431378,1409
1070,11524.121518105623,1415
1071,4969.085376394988,1418
1072,9580.286008103385,1420
1073,3206.0132658704065,1421
1074,7727.051301213435,1423
1075,10710.296695648494,1424
1076,2272.65056563534,1431
1077,12975.485733346484,1433
1078,3770.2564060100262,1440
1079,4858.842795088453,1443
1080,10932.664793576178,1446
1081,6164.560392592149,1447
1082,3994.6028879083096,1448
1083,3989.119024166054,1454
1084,3344.5261818235867,1456
1085,12367.309331175575,1458
1086,3806.313531861946,1464
1087,8763.618846379035,1465
1088,7449.612286489925,1467
1089,4865.358175976951,1476
1090,10160.44772945773,1477
1091,10992.970715499794,1482
1092,10161.06101964637,1485
1093,11508.20728114871,1486
1094,8537.291465425678,1489
1095,11312.560278775743,1491
1096,7910.326986936627,1496
1097,6755.793191191304,1506
1098,11063.904673961864,1507
1099,3930.555695961966,1510
1100,10500.6735002415,1511
1101,10986.512240308102,1512
1102,8997.971361088023,1514
1103,3154.8554407446504,1518
1104,13693.531679574904,1521
1105,10054.086107551275,1522
1106,10983.068156345966,1535
1107,10883.993478117145,1536
1108,3408.895128486603,1539
1109,6050.750253536614,1543
1110,8102.368641280659,1544
1111,10117.123865988622,1550
1112,9234.991778910005,1556
1113,11622.807566757458,1559
1114,4906.629388107357,1565
1115,7139.797796134506,1568
1116,4750.790437721819,1574
1117,11081.900067612309,1577
1118,10131.348677428423,1578
1119,7837.794351777139,1580
1120,10864.4156374641,1594
1121,10792.954814101615,1595
1122,5159.930771824848,1596
1123,10575.58482428818,1600
1124,7287.840982746697,1601
1125,6018.794871797455,1603
1126,3692.805423837854,1607
1127,12049.503330313806,1609
1128,6792.9162405095585,1615
1129,9316.079683181159,1618
1130,9151.247086742273,1622
1131,11216.194533138761,1623
1132,9254.120477615492,1626
1133,10620.604619577263,1630
1134,2016.6882163156372,1636
1135,10240.322484216524,1639
1136,9548.259393652632,1640
1137,5620.261932049056,1644
1138,11130.627020846316,1646
1139,2272.65056563534,1647
1140,10929.045886971311,1661
1141,6487.471926969233,1662
1142,13127.2565987916,1663
1143,7325.835687296215,1665
1144,4862.545349132418,1666
1145,7926.121729442991,1670
1146,6564.215609754944,1673
1147,5609.31147204703,1674
1148,12756.402502118362,1675
1149,5050.845959620764,1676
1150,7554.519536075567,1677
1151,3993.779146297528,1679
1152,5507.215965226501,1682
1153,11095.700233584692,1689
1154,5910.063555817865,1690
1155,2709.809256771363,1693
1156,9718.235371709367,1701
1157,10973.244136741954,1704
1158,5636.908600671096,1705
1159,4822.280113670167,1707
1160,3118.5667174374375,1713
1161,9395.609182237791,1714
1162,7359.792277495767,1716
1163,5191.400409638183,1719
1164,10838.937224783445,1720
1165,8862.982292686373,1728
1166,11994.522153660706,1729
1167,4704.259366077505,1730
1168,8909.579934054718,1734
1169,10842.789343914526,1738
1170,10640.156070743878,1740
1171,7262.808523152994,1747
1172,11629.439586192137,1753
1173,6254.432926685385,1762
1174,8437.837415060814,1763
1175,4061.7809574358557,1765
1176,10644.216066253079,1767
1177,5122.440366464763,1779
1178,9042.820854060628,1785
1179,10300.147850545223,1789
1180,10873.66551186358,1792
1181,2863.985909789426,1795
1182,6596.917980604446,1796
1183,3847.272299790731,1802
1184,9868.877997084417,1805
1185,3748.398398704669,1806
1186,10274.003377960837,1807
1187,10917.437745459581,1808
1188,4567.504769804519,1809
1189,11138.564244074689,1814
1190,8431.981143925901,1815
1191,8515.020530700183,1816
1192,9364.337475246384,1823
1193,2882.2315278409988,1824
1194,6795.892378477757,1826
1195,10118.699914407589,1831
1196,3711.0167080467886,1837
1197,10899.707319949523,1847
1198,10417.890828350965,1848
1199,5315.721600894599,1853
1200,11976.721774979049,1863
1201,8766.512372690337,1868
1202,16854.38022917261,1869
1203,4662.498874780974,1872
1204,11001.446879708807,1873
1205,5592.5207576854455,1875
1206,7394.22674594521,1877
1207,10016.672426517116,1879
1208,3217.0415658453253,1880
1209,7371.184664995955,1882
1210,16829.82024874128,1885
1211,7403.0845871942265,1895
1212,10438.969516889023,1897
1213,8073.9869860196095,1898
1214,5719.365891990738,1899
1215,4400.395904538709,1909
1216,5470.288323884466,1910
1217,3105.02175562218,1914
1218,3692.805423837854,1915
1219,5351.210326360039,1917
1220,5577.1432602476225,1918
1221,12222.820427710887,1921
1222,3793.480020733079,1930
1223,10983.068156345966,1941
1224,5061.559326993818,1943
1225,10972.014415682943,1948
1226,6620.972150936897,1949
1227,10164.949929845983,1956
1228,7202.578324092985,1957
1229,10276.588651444205,1965
1230,3802.4031530143234,1967
1231,10272.43736236371,1972
1232,10663.216233757343,1973
1233,3034.6485988872046,1976
1234,7894.1320231757245,1981
1235,4559.271896861926,1982
1236,6262.426269874954,1983
1237,3482.004599301165,1992
1238,7818.995331054987,1993
1239,3994.413258682413,1994
1240,10787.193675373594,1996
1241,2127.074856967225,1998
1242,5460.935279145198,2001
1243,1355.8371548230105,2010
1244,5719.2900666361265,2016
1245,9974.81141310396,2017
1246,11832.848107426986,2024
1247,9754.723141802373,2035
1248,6022.1728328995705,2041
1249,4975.424269362124,2047
1250,9424.410256600888,2056
1251,3417.8719475826097,2058
1252,11789.851705002817,2061
1253,4009.176017166023,2064
1254,4112.289297000677,2071
1255,12422.093742085135,2073
1256,10011.441854644336,2076
1257,6781.787393104304,2077
1258,10638.734073076193,2083
1259,9471.7375114755,2086
1260,2771.615937224769,2087
1261,6310.701867760956,2088
1262,10271.142509906003,2089
1263,11029.87380896247,2109
1264,6449.314935711242,2110
1265,5892.497789461718,2111
1266,5162.393710220073,2120
1267,4486.493304206081,2128
1268,5872.838013206951,2137
1269,8151.164604071074,2139
1270,10508.8938850992,2140
1271,12159.829297913651,2141
1272,8016.158037032722,2144
1273,11957.548030475082,2149
1274,10407.851193066877,2155
1275,6858.092255005686,2161
1276,5901.34121547566,2166
1277,10884.954063078547,2176
1278,10234.108949203046,2188
1279,7442.857155182763,2212
1280,4639.29631021091,2213
1281,7930.626448641856,2223
1282,5449.618349335336,2225
1283,5686.382461137097,2226
1284,8599.825373434991,2232
1285,1575.0147884563914,2233
1286,7861.707636511026,2257
1287,4121.21741272428,2260
1288,8847.401814326548,2262
1289,4031.262374529873,2265
1290,10493.079276763243,2270
1291,3659.2582137060326,2271
1292,8711.251055606828,2275
1293,8625.636278950844,2276
1294,11578.850803157262,2283
1295,10843.82133936678,2285
1296,10379.09475891531,2286
1297,6699.61859159407,2291
1298,3852.9523228563526,2294
1299,6990.91504374396,2315
1300,3175.8532824293848,2317
1301,10849.948432585574,2318
1302,4663.039371602025,2322
1303,10640.809137752929,2325
1304,8749.681255802,2332
1305,10882.926293723014,2333
1306,3570.62581964745,2334
1307,3828.6029662679052,2342
1308,8557.988239745038,2343
1309,10325.55898634637,2345
1310,10035.66020595201,2347
1311,12060.178112663742,2348
1312,3745.1024899461304,2349
1313,4708.542224131515,2356
1314,7150.257080813774,2369
1315,5018.133213910866,2372
1316,11667.432596065495,2385
1317,2832.7839002084443,2395
1318,3256.684947220089,2407
1319,13229.870644521625,2408
1320,3268.684362990191,2417
1321,8964.045981908086,2421
1322,9706.285292877843,2425
1323,10283.160578590605,2427
1324,5892.248154611916,2435
1325,4748.531270136123,2440
1326,4476.7531467517465,2447
1327,3592.6529100336575,2451
1328,6247.25242558592,2455
1329,8280.317929452745,2456
1330,10588.33676319873,2462
1331,13322.842237875397,2463
1332,10738.357620305409,2469
1333,10367.733623298076,2470
1334,10178.665773140754,2474
1335,11913.076206663021,2475
1336,5974.57619593359,2476
1337,7087.335586720747,2479
1338,7050.243850273907,2485
1339,11614.424170601156,2
1340,9364.74276272015,3
1341,3729.3349270751532,4
1342,8677.463840406166,10
1343,6587.541843684916,17
1344,8669.10221794889,25
1345,12042.582528531506,27
1346,6097.666667540502,31
1347,2908.6700243932205,44
1348,10575.267587423177,51
1349,7731.691777757508,56
1350,5911.563062886111,62
1351,4343.168223690182,63
1352,8014.637140979509,68
1353,5531.26689055114,74
1354,3546.3215333510516,75
1355,4038.413185166607,79
1356,2898.530680065391,82
1357,2539.621019950062,85
1358,5613.812160257713,91
1359,2989.8588527615775,93
1360,7009.557047742936,96
1361,1530.0318205716312,97
1362,11220.346528441007,100
1363,5838.499127544493,130
1364,3740.5425487588095,132
1365,2564.9663330761978,137
1366,10353.347897442838,140
1367,9118.369202648642,144
1368,8817.428630583156,151
1369,5464.39749190936,152
1370,4155.641020401691,154
1371,5618.7587337973255,160
1372,3731.3291386214537,161
1373,5016.114962389224,164
1374,12244.727086029912,165
1375,12362.223259431452,170
1376,13940.626466399663,176
1377,5383.773961179743,177
1378,1673.8128906276845,181
1379,5294.641652498028,187
1380,1909.2025659161416,188
1381,1186.0588008492518,191
1382,3690.3217780643945,194
1383,8500.620133990797,196
1384,3930.8606767802316,197
1385,12179.334719736506,199
1386,9550.729150050187,201
1387,3157.623927564877,202
1388,4911.300979384851,203
1389,8563.654077364083,205
1390,5435.796198636799,208
1391,4677.288094833149,212
1392,4670.367313520208,220
1393,4049.3686174215786,223
1394,3533.5053535427915,227
1395,10572.50433572842,228
1396,4260.917955074767,231
1397,8660.340059673626,238
1398,13595.781376819463,244
1399,7356.310751539843,248
1400,8805.961774510542,250
1401,8763.458713617934,255
1402,11215.160045621678,257
1403,724.5130726451531,260
1404,3771.0893057898406,261
1405,9496.187469311262,262
1406,5839.242647331709,263
1407,13807.731247165242,265
1408,4220.988906114305,266
1409,10983.271963798506,269
1410,2522.5928178403915,271
1411,4057.5178789360716,279
1412,7332.501434326099,283
1413,6647.718940300509,286
1414,12065.022184944213,295
1415,4457.142133191769,298
1416,2082.4341250539997,305
1417,3045.357478358407,308
1418,4228.580921172167,320
1419,4028.446260111627,323
1420,7388.164187356171,325
1421,6941.940584453047,326
1422,4984.174329716204,329
1423,3501.016995992688,331
1424,3946.2393693667245,338
1425,3048.4550192796773,343
1426,10376.605129616175,344
1427,7457.379830019312,350
1428,3850.910247832653,353
1429,1986.3066586570337,356
1430,7541.12010331162,357
1431,7694.133865371782,361
1432,5456.461511126628,362
1433,4564.2027836983125,366
1434,6886.467070399544,369
1435,6596.285217257967,376
1436,10240.304589722493,379
1437,4350.343267174061,381
1438,6687.96219798197,382
1439,10684.722160313124,388
1440,2991.65494220877,391
1441,5050.852925684991,393
1442,6165.341103221935,394
1443,4694.445280897514,395
1444,11185.263664491664,398
1445,5822.704652573729,402
1446,3079.944736776979,404
1447,6353.532837525885,405
1448,10605.993210554983,410
1449,10375.357089640782,418
1450,12371.003195655532,422
1451,4120.731718117291,423
1452,2499.400387217991,425
1453,3200.7322600040784,431
1454,3187.4647652199483,433
1455,8963.24495108816,436
1456,10783.619102973173,443
1457,1605.6831689157939,444
1458,7234.035906749949,449
1459,12179.615530869572,451
1460,7369.677328725523,452
1461,3718.8621068963257,453
1462,8158.335207292056,455
1463,12337.942519293525,460
1464,3581.30527975497,461
1465,6986.549083574274,470
1466,8211.238796049123,479
1467,8906.659283795343,481
1468,10947.12498492544,483
1469,4003.805672872698,491
1470,10783.619102973173,494
1471,4411.3968800034145,495
1472,9959.70001664433,500
1473,3645.5632309988246,501
1474,7972.507131158768,506
1475,8488.22406719011,507
1476,6520.325976418843,511
1477,4351.7703340850985,515
1478,3945.324693659515,517
1479,11198.228343379327,518
1480,8119.355299698717,522
1481,5766.366610713459,523
1482,10135.261320056321,530
1483,3404.12994974825,536
1484,2143.7993219103305,538
1485,4101.418663576411,545
1486,2676.651445402689,547
1487,6690.996623666069,550
1488,3554.760055650224,552
1489,6953.4451178219915,559
1490,8478.12770488233,562
1491,6315.25649374253,563
1492,7052.383771136798,565
1493,7433.028027881978,569
1494,10031.484537195103,571
1495,8609.794659617592,573
1496,3292.3295363356856,574
1497,5192.349800938604,578
1498,2202.6127264333404,581
1499,7041.051821152223,587
1500,12313.456622185582,589
1501,5101.839127657973,599
1502,7267.027231704676,602
1503,5730.067948441378,609
1504,10163.808130693442,612
1505,11906.681459404668,615
1506,12177.150943704064,628
1507,8669.10221794889,636
1508,4321.392176788399,638
1509,6228.723793702143,640
1510,4441.110016327707,641
1511,7320.545612200074,643
1512,2285.7649531542597,646
1513,10530.150362015333,652
1514,2233.0847608964777,653
1515,4187.745809038151,655
1516,10674.63232478527,656
1517,3196.586849749715,661
1518,4883.2277229248275,663
1519,5549.790020814332,665
1520,4243.037377848214,668
1521,7940.943311635373,671
1522,7151.66740283372,673
1523,10864.742773297106,675
1524,7354.902545116687,677
1525,8133.191716454366,680
1526,2130.1016402409196,684
1527,4842.740808333774,687
1528,11294.195502484268,691
1529,5329.655925428124,695
1530,10154.452371790629,697
1531,3842.9960355495846,699
1532,4557.778720290043,712
1533,9434.814658039164,716
1534,3011.603949166491,717
1535,11229.758677957185,720
1536,4123.517380207543,722
1537,7025.16193231648,726
1538,4962.442113112594,735
1539,6450.71160116019,741
1540,3961.369287815286,746
1541,2313.820070344736,753
1542,12340.006487281706,754
1543,3781.1865860574744,756
1544,2724.1959562796465,758
1545,9350.450739676928,759
1546,6678.157674511085,760
1547,10007.903186941085,763
1548,9784.853090382638,767
1549,3533.6835078722142,768
1550,7203.867070678045,769
1551,6575.5841245120655,772
1552,7527.319766693721,773
1553,15321.657785659101,777
1554,10073.73945024166,778
1555,4043.83984285658,780
1556,10864.742773297106,782
1557,6745.774338968882,786
1558,7157.672738598285,788
1559,6986.196050285506,792
1560,10188.096325562745,793
1561,7775.019881197488,800
1562,7529.592848751348,804
1563,9347.16596961917,811
1564,4420.736783626929,812
1565,4139.359791957979,814
1566,7840.628882194983,815
1567,12547.77889820022,818
1568,10572.50433572842,820
1569,6262.564531310108,821
1570,7532.768032303653,823
1571,5184.701513581506,829
1572,4083.87964536931,835
1573,3433.3920504822904,840
1574,2268.7490663920785,842
1575,9670.781188744551,844
1576,11108.11905432437,854
1577,2736.9583216344413,857
1578,4696.228986871216,859
1579,7762.818582543719,862
1580,5666.721997968798,866
1581,13821.167475020811,867
1582,8206.588483760086,868
1583,5762.0085811144,869
1584,3238.011758875949,870
1585,4868.523578356003,875
1586,7668.153254778614,882
1587,7362.024284943419,883
1588,13781.204409971051,884
1589,4353.389824943426,888
1590,2868.8298793739186,889
1591,2066.572529981818,893
1592,4680.490949439416,899
1593,11869.045040024708,905
1594,9794.351037890532,911
1595,8342.033718649713,912
1596,10621.023017257097,919
1597,6029.607660099614,921
1598,8449.881183576885,922
1599,4531.577256922666,927
1600,10042.81916989329,928
1601,5732.437923324115,931
1602,7588.185582747991,944
1603,3408.0085681876185,945
1604,8320.536960134912,946
1605,6760.853024361609,956
1606,5665.138544724582,965
1607,1770.4523308335492,967
1608,7088.691508786604,968
1609,3475.633513698016,969
1610,12065.022184944213,970
1611,4004.65965597469,971
1612,10871.394157579003,972
1613,4556.525446095722,980
1614,7070.787113681628,982
1615,7494.469811591911,984
1616,10426.798048556508,985
1617,9765.464956621954,986
1618,12011.836887634072,992
1619,4174.174247293589,995
1620,6087.779548711539,1004
1621,5303.783051674721,1013
1622,8176.105590289908,1020
1623,10946.302665950821,1021
1624,4632.3150574055535,1029
1625,9061.846895506296,1039
1626,14897.245987430428,1043
1627,12362.223259431452,1045
1628,10758.798873650425,1053
1629,9728.58573420207,1057
1630,2500.346284572457,1062
1631,7745.904252832367,1069
1632,3769.3847632907205,1072
1633,4362.68105451533,1076
1634,6988.88192105425,1080
1635,8240.497605781207,1085
1636,6188.902680465027,1094
1637,4506.561723395799,1097
1638,6979.160940242096,1098
1639,4049.3686174215786,1113
1640,10598.761329183997,1118
1641,3026.3826146031624,1123
1642,6368.698535330684,1136
1643,5693.502404043647,1142
1644,4070.7320042739425,1150
1645,14243.839736210319,1152
1646,3235.9491176799634,1154
1647,7309.453090963083,1155
1648,3266.27565576055,1156
1649,6996.158892006845,1157
1650,10285.308063646848,1158
1651,3328.40587925251,1170
1652,8485.397812149371,1171
1653,7618.290983860925,1176
1654,6239.279972745942,1180
1655,2313.8499340406124,1182
1656,8866.64801535273,1184
1657,9960.313723219562,1188
1658,3725.1840147014727,1198
1659,10086.989492223951,1199
1660,6902.482097158367,1203
1661,13905.79295868533,1210
1662,5618.7587337973255,1211
1663,12493.001329071147,1212
1664,4257.946863899896,1214
1665,8248.096550834229,1224
1666,8094.635411113938,1232
1667,7572.08035928792,1233
1668,3934.1661360731764,1237
1669,3709.464138198227,1240
1670,1186.0588008492518,1244
1671,12065.161663834371,1245
1672,11049.125146230774,1246
1673,10688.727077052872,1250
1674,13619.5857439246,1258
1675,10290.308569260274,1263
1676,11108.575163851907,1265
1677,10446.186182317191,1268
1678,10099.812944751968,1275
1679,11910.30200139163,1282
1680,4915.16835559785,1302
1681,12338.62051430344,1304
1682,5364.475951952141,1306
1683,4564.2027836983125,1307
1684,3943.6060431453384,1310
1685,3898.324845461571,1312
1686,10414.361758616184,1313
1687,10518.68726092222,1317
1688,7385.216583268011,1321
1689,12070.37146835075,1328
1690,6450.71160116019,1332
1691,3091.8573295638057,1335
1692,10864.742773297106,1336
1693,5376.300400888659,1338
1694,4295.521195398895,1341
1695,7361.105368887893,1347
1696,5666.721997968798,1349
1697,4805.739143501458,1350
1698,10804.072133665053,1353
1699,8560.921835560182,1357
1700,2972.2751266206287,1368
1701,7119.851242687899,1372
1702,4362.733913106323,1376
1703,6548.89237972424,1378
1704,3833.219529281801,1383
1705,3141.713622319854,1389
1706,6947.123239795543,1399
1707,10467.823036251199,1410
1708,13622.308214013654,1412
1709,9924.201189140127,1416
1710,6394.257752631874,1425
1711,7431.564873636621,1427
1712,12777.876932331503,1436
1713,10680.665845679649,1452
1714,3830.281533866527,1455
1715,2993.1248935580443,1457
1716,2653.430743265985,1463
1717,2112.096547655729,1466
1718,3288.6457120841233,1468
1719,11890.126177859749,1469
1720,6248.38709510075,1472
1721,12746.712535414084,1474
1722,5425.871473730658,1475
1723,9014.785101846135,1478
1724,7836.269537891655,1480
1725,4989.4668923984345,1481
1726,5359.39104820204,1484
1727,12132.73285259159,1487
1728,9070.181096936469,1495
1729,7729.677194621618,1499
1730,333.14613837398616,1502
1731,8747.250690455698,1504
1732,8376.35711530857,1505
1733,5691.635168594142,1508
1734,10064.333846727433,1515
1735,1240.921200892714,1517
1736,8405.92928978349,1523
1737,10392.321596055022,1524
1738,8900.734156390192,1525
1739,10572.50433572842,1526
1740,13111.285910078392,1529
1741,4344.52294015342,1532
1742,2971.906458022085,1533
1743,7750.729012592359,1534
1744,1826.4722175023953,1541
1745,3238.011758875949,1542
1746,9251.725904916533,1545
1747,3267.18352677469,1549
1748,10742.188536071706,1554
1749,6174.599589528028,1560
1750,3793.459362113414,1564
1751,10861.819821506375,1566
1752,10576.676198549172,1570
1753,2831.0004130139914,1573
1754,8943.90040180225,1579
1755,7207.578035878654,1583
1756,8100.239832580866,1584
1757,2179.737647754904,1588
1758,8174.459352375305,1589
1759,2322.311188565896,1591
1760,9131.030563602437,1592
1761,12071.44759051026,1599
1762,5306.685952186439,1602
1763,10086.989492223951,1608
1764,5959.992194936108,1610
1765,1537.0756552049374,1611
1766,3249.4079080842534,1614
1767,1676.7864902073636,1620
1768,6326.204676857376,1624
1769,6665.019636398991,1628
1770,1240.921200892714,1632
1771,10731.57967721262,1633
1772,5571.371875950625,1634
1773,4823.864525313146,1642
1774,2143.7993219103305,1654
1775,5752.063750683461,1657
1776,11917.818505239142,1668
1777,4741.4513737194275,1684
1778,4496.902300360156,1686
1779,6680.783866050285,1687
1780,4558.198001663226,1688
1781,8489.841383145362,1696
1782,3231.9970543961795,1697
1783,10881.598112209425,1698
1784,3527.4599720127876,1702
1785,3930.5457673164638,1709
1786,12099.12770609109,1721
1787,10317.219114898673,1722
1788,4189.237350867559,1723
1789,2576.2081818529277,1731
1790,2590.3498153708697,1732
1791,7083.235907387472,1733
1792,9720.310338389529,1735
1793,7739.650280625148,1744
1794,5052.817151584283,1745
1795,8643.246024141778,1750
1796,10365.840979263548,1751
1797,2674.330747708845,1757
1798,9606.332778313217,1758
1799,8039.373822859939,1768
1800,2477.4203325021076,1769
1801,14116.946370647374,1775
1802,10927.736851164756,1776
1803,2323.6416998209993,1780
1804,4301.01032174835,1788
1805,10761.189180371932,1794
1806,7254.297440816126,1798
1807,9763.087533472257,1799
1808,9955.298769039406,1800
1809,3605.611478913878,1803
1810,8196.975924645596,1811
1811,1857.3883627415512,1813
1812,10688.727077052872,1818
1813,5260.281207288456,1820
1814,5131.459947324573,1827
1815,6491.057792219678,1830
1816,6772.48020907772,1838
1817,4069.197741721517,1839
1818,7520.4254162936795,1840
1819,13615.342989149602,1846
1820,6869.230493813105,1849
1821,4564.2027836983125,1851
1822,11546.257943390658,1858
1823,4361.794159035203,1864
1824,3621.065446923357,1866
1825,9065.852475649643,1871
1826,5531.26689055114,1878
1827,13464.945199443178,1881
1828,3192.4905473370673,1884
1829,3739.018947832791,1891
1830,2898.1618800339825,1892
1831,8918.289123277218,1894
1832,10330.422656158356,1896
1833,8024.460607703676,1907
1834,2145.1608499525573,1908
1835,6201.905738521745,1911
1836,6255.866596382067,1913
1837,9466.702882054113,1922
1838,5336.641047610765,1923
1839,8850.955618605401,1924
1840,8471.969839284013,1925
1841,7582.690534720794,1929
1842,4109.832746975205,1931
1843,3168.5613026043916,1934
1844,9765.464956621954,1940
1845,1537.0756552049374,1942
1846,8075.250176534262,1944
1847,8152.412850514926,1946
1848,3898.324845461571,1947
1849,12497.32134906676,1950
1850,5464.39749190936,1955
1851,7144.770985654012,1958
1852,6248.38709510075,1959
1853,4905.505259658392,1966
1854,2409.6633349716294,1970
1855,6111.958690583728,1975
1856,1035.423638225476,1979
1857,7264.7838761289095,1980
1858,7941.148723485262,1985
1859,11965.815723710106,1986
1860,10485.362236654939,1988
1861,8418.52841350759,1990
1862,13837.237869655683,1995
1863,3085.0186858650677,1999
1864,10564.834807645882,2000
1865,5256.722230907013,2002
1866,5053.349559912403,2003
1867,8787.803939105726,2014
1868,3625.4259686485643,2015
1869,2533.8808199428377,2019
1870,8020.118347991164,2020
1871,1472.6948604964743,2022
1872,10462.045295745791,2025
1873,16438.15920778801,2027
1874,8332.64539097249,2028
1875,4395.617329945828,2029
1876,11074.616342942245,2030
1877,10463.280963373552,2032
1878,9031.766334612175,2033
1879,5968.691116772897,2034
1880,6642.176018544074,2037
1881,7262.646091407801,2038
1882,2523.200645057185,2039
1883,10792.9769063597,2040
1884,4238.575743931829,2045
1885,5285.2506593610615,2046
1886,9466.268129495935,2048
1887,10783.619102973173,2049
1888,4691.4564141274495,2051
1889,10622.399123774387,2054
1890,6430.323709959241,2065
1891,10164.071495565348,2078
1892,3406.4969822838902,2079
1893,10428.039590992683,2085
1894,6667.308888844629,2090
1895,7988.7606694062415,2092
1896,5561.402498935643,2095
1897,7304.677440297757,2097
1898,11614.424170601156,2098
1899,3171.308560797216,2099
1900,6492.966766378792,2100
1901,8330.847667492953,2102
1902,3546.3215333510516,2104
1903,1121.678006140789,2105
1904,10327.486890949616,2106
1905,2589.1347465343865,2108
1906,8167.820377406806,2113
1907,10553.116201967736,2114
1908,4288.093101593123,2115
1909,5661.061974323024,2116
1910,12140.782397027679,2127
1911,13622.308214013654,2130
1912,7633.3540618151255,2142
1913,1655.5993212424464,2143
1914,8287.826625267533,2145
1915,8623.857890381094,2147
1916,4305.167601340175,2148
1917,10582.898526636907,2150
1918,7710.377099493241,2152
1919,7617.693738474323,2153
1920,11274.610063242812,2156
1921,5937.695001093265,2157
1922,7854.970765748859,2163
1923,13111.285910078392,2167
1924,8266.59824426168,2168
1925,7649.406559363433,2171
1926,7128.566363936074,2173
1927,7240.430535145499,2174
1928,11473.767027448199,2184
1929,12573.502673025878,2185
1930,3497.7582656006753,2186
1931,7571.372558611659,2189
1932,10449.220883472868,2192
1933,3520.794565793157,2196
1934,6716.542314616697,2197
1935,8405.92928978349,2200
1936,10254.219325314813,2204
1937,2025.1915954947422,2206
1938,12461.85195174548,2209
1939,9796.420491580719,2215
1940,2959.74913098402,2217
1941,2564.556890733447,2218
1942,4409.169383654685,2219
1943,10169.67759536023,2221
1944,3493.7064428208714,2230
1945,10240.304589722493,2231
1946,10333.684079253177,2234
1947,8515.528251614445,2236
1948,9640.296947527162,2238
1949,4226.222335120286,2239
1950,12613.860118376813,2241
1951,3462.626625497109,2242
1952,1530.0318205716312,2244
1953,10917.906115655866,2246
1954,7320.545612200074,2247
1955,10468.609017233552,2251
1956,5456.461511126628,2253
1957,7473.291757951014,2254
1958,889.9043465370285,2258
1959,4248.332934424736,2259
1960,10330.422656158356,2264
1961,7056.308249170823,2268
1962,4289.202050325395,2269
1963,11363.25491818632,2282
1964,2693.246378232206,2284
1965,9101.869524612875,2289
1966,11432.516308402908,2295
1967,6248.38709510075,2297
1968,7618.290983860925,2298
1969,11715.946407853027,2306
1970,3520.9380510563797,2308
1971,6041.216913539899,2310
1972,8375.135678704099,2312
1973,7336.172872742455,2313
1974,6738.775722035735,2323
1975,6759.444817938453,2328
1976,4560.731317199758,2338
1977,4244.503852696789,2344
1978,8266.59824426168,2359
1979,2202.6127264333404,2362
1980,13553.105929187172,2363
1981,2132.3808431376324,2364
1982,6379.295260391543,2373
1983,5404.572453960617,2374
1984,10523.125358606712,2377
1985,3407.1600213206702,2378
1986,7458.673854676096,2379
1987,2930.902906476417,2384
1988,8133.191716454366,2387
1989,889.9043465370285,2388
1990,9784.853090382638,2389
1991,10329.260623745891,2390
1992,8901.808385720104,2391
1993,4631.072182340093,2392
1994,14243.839736210319,2393
1995,2341.0122547696647,2397
1996,7013.366828424595,2398
1997,2967.22881466931,2401
1998,7235.014762712479,2402
1999,5741.803335260753,2410
2000,3166.032447268717,2411
2001,5464.9919389485085,2414
2002,4154.685577474238,2418
2003,13807.731247165242,2423
2004,2422.6877307967757,2429
2005,11009.727711113756,2437
2006,10109.68856853507,2439
2007,4324.790263225338,2442
2008,7440.268722366571,2446
2009,7483.9115763072,2448
2010,7083.3511170759875,2453
2011,3588.51358484214,2458
2012,12480.249707662504,2460
2013,9035.6434120133,2472
2014,9101.869524612875,2477
2015,2439.717945860167,2478
2016,1472.6948604964743,2480
2017,2627.594903291514,2482
2018,5781.802643214955,7
2019,12645.330065372042,14
2020,11885.798010530765,29
2021,3802.3819929526476,30
2022,16589.919127438177,45
2023,2430.0331220710364,46
2024,7056.141045730835,47
2025,9247.96712678017,48
2026,15762.283071147385,50
2027,4425.535237744199,61
2028,5218.899659946707,71
2029,11311.92383691082,76
2030,5389.213930082325,77
2031,7434.956859203775,92
2032,3031.607695009017,126
2033,3632.73239066319,128
2034,4041.178580298085,133
2035,8349.737315589175,135
2036,12937.884483603246,139
2037,13657.589593034236,150
2038,10703.76084366327,153
2039,5663.625205307803,167
2040,10871.387759621195,169
2041,5791.621894510686,171
2042,2980.7328506598515,174
2043,2250.395107390091,180
2044,6891.652157254745,184
2045,9712.487374875709,186
2046,6228.181917013284,198
2047,10236.656126750617,200
2048,16640.42654765504,207
2049,12037.957602621114,214
2050,11059.337397058256,217
2051,1238.1519660150402,226
2052,7793.5657063098415,229
2053,24582.46154303606,232
2054,10960.481231296326,240
2055,14862.823627456708,249
2056,6225.83251681459,264
2057,8038.9960603982245,273
2058,10927.214791466547,274
2059,6094.159569012704,278
2060,10609.08690562538,280
2061,21605.48392232516,281
2062,4959.943674884077,287
2063,11018.252079923628,291
2064,5365.678521692047,292
2065,7142.218433806901,296
2066,10516.175413162648,306
2067,12520.879672627145,311
2068,4742.745316988911,312
2069,8383.857051105502,314
2070,4265.393363962022,328
2071,6512.156603161318,332
2072,4641.651826993243,345
2073,13470.397611925107,347
2074,24470.006287578562,354
2075,12428.924159496142,360
2076,11033.860261330155,363
2077,2469.0796591303347,371
2078,11376.348961399104,373
2079,9354.519960469088,378
2080,9439.06894567195,380
2081,3789.5503780449617,386
2082,20769.00088620638,396
2083,13609.915596798326,406
2084,9544.653123282631,409
2085,14846.88813906847,415
2086,3574.6680150226834,419
2087,14988.17923589398,424
2088,10045.635272225634,427
2089,13690.608316700003,434
2090,8712.220225254112,438
2091,13766.993196871112,445
2092,9786.38566652483,447
2093,21139.981157315033,456
2094,6863.14063260346,464
2095,7753.218015699279,466
2096,4382.127346931761,473
2097,10309.922670591232,475
2098,10883.642626907034,489
2099,11345.261186797014,490
2100,1378.5326147524065,521
2101,14801.343635071726,528
2102,12236.662889646856,531
2103,2940.074987559232,541
2104,8440.009140880606,555
2105,4163.082426910066,561
2106,8075.0931819890675,566
2107,9927.55849462976,572
2108,11942.950133097065,580
2109,4431.217562325676,585
2110,3052.4218329678747,608
2111,3915.0731019585824,610
2112,24507.626171100583,617
2113,34434.51841170119,618
2114,2078.0568676547414,620
2115,10774.057113760955,623
2116,11048.365292338063,625
2117,11418.693452550395,632
2118,5217.813773477856,634
2119,22253.641459297884,639
2120,2831.989488651326,645
2121,5275.246749055489,651
2122,8797.56133258725,659
2123,12767.336754476943,662
2124,6641.479128249685,664
2125,4312.066319751565,670
2126,5276.662414179299,678
2127,8512.912784216884,679
2128,11466.712907957262,681
2129,15414.873305788591,682
2130,3739.7740848727094,683
2131,10723.821479082957,689
2132,8428.137918666362,696
2133,23758.959521475645,700
2134,12558.64638267713,703
2135,8861.320437983217,704
2136,13077.113685765426,718
2137,10995.069369332761,724
2138,20334.75408984437,736
2139,12172.707201112054,745
2140,5133.334192363026,762
2141,4381.858294985981,764
2142,11610.546172585084,774
2143,4843.872562956528,787
2144,10376.981652538501,796
2145,8227.642622599451,801
2146,6875.9686738468745,808
2147,10720.05285525979,813
2148,13343.597485648113,824
2149,11291.058229640912,831
2150,4456.714231395245,832
2151,7097.407494468412,836
2152,10689.752577120888,845
2153,7395.890000296361,847
2154,10326.672784673121,848
2155,5270.54109678598,851
2156,14110.003979704898,855
2157,2225.4211833702566,861
2158,13809.218007180209,865
2159,3939.7377273817324,876
2160,13029.753011368726,878
2161,13418.241482340323,891
2162,4684.969909691348,898
2163,4477.581681181445,902
2164,9720.351116694605,904
2165,10523.348038942482,907
2166,9357.053035908675,914
2167,14518.97884505111,923
2168,32292.116362760436,929
2169,11011.214683726417,930
2170,11185.722521147056,933
2171,3743.5181624089496,937
2172,6836.623702095482,940
2173,2591.1258267293656,947
2174,7803.689957801739,961
2175,4315.034486482026,966
2176,6441.216603954705,981
2177,11725.37944470418,983
2178,9647.534371678345,988
2179,9139.109665876813,994
2180,1127.281976338751,996
2181,5963.788408855608,999
2182,10651.826980625934,1001
2183,14027.639165176437,1006
2184,4564.9039192937435,1008
2185,13434.788470664105,1010
2186,5264.276205764752,1018
2187,746.0480093873306,1019
2188,10316.849632921936,1027
2189,11484.765088982036,1031
2190,2807.777709045103,1032
2191,6471.866400010106,1037
2192,10048.994843029775,1038
2193,11824.555430748529,1041
2194,10397.949652591067,1046
2195,15565.260817042852,1050
2196,9571.482780626346,1052
2197,18543.72388044509,1056
2198,6739.761749973682,1061
2199,10655.700922541078,1063
2200,8211.395400446687,1064
2201,17542.314509399203,1068
2202,11336.317103238145,1073
2203,10105.115461136365,1078
2204,11942.950133097065,1081
2205,2490.2852899551344,1084
2206,15213.313989739348,1103
2207,9770.05438654886,1104
2208,8582.888978133435,1109
2209,15222.710481500346,1110
2210,11371.609183007917,1111
2211,2329.0747770528355,1117
2212,11666.551610542645,1119
2213,20369.7046106777,1129
2214,3568.7197332733663,1133
2215,11485.89603032473,1135
2216,15336.044651901417,1140
2217,13626.040960262259,1141
2218,11968.861416021484,1161
2219,6917.484228790782,1167
2220,9455.47542449173,1175
2221,3212.9374528171243,1186
2222,14975.991435910344,1191
2223,4423.218249027982,1192
2224,10499.754258841787,1196
2225,9993.400092328908,1201
2226,6843.88559190984,1209
2227,12099.793217655106,1221
2228,9256.995216962709,1226
2229,10960.522415879932,1227
2230,10218.81512636899,1231
2231,13056.367594706293,1235
2232,5010.944304416887,1236
2233,6266.799463020601,1243
2234,11376.913490946861,1247
2235,5367.940780035934,1249
2236,3686.4965501513293,1251
2237,1378.5326147524065,1253
2238,11916.681122297703,1257
2239,4321.32863491791,1259
2240,9601.261899520076,1262
2241,9182.277930755898,1266
2242,10470.843699810268,1267
2243,8579.466230376529,1270
2244,3350.5701074701633,1280
2245,10037.335652657483,1283
2246,11328.832120160567,1287
2247,10432.832494615472,1291
2248,5875.487939159866,1293
2249,6645.7681794700375,1297
2250,11289.744192316311,1301
2251,9648.7121027961,1311
2252,13991.826791499288,1314
2253,12823.51829506334,1318
2254,10273.629201682426,1319
2255,12189.113728558705,1320
2256,4063.710218841225,1330
2257,7190.311729886805,1339
2258,2639.300694924976,1343
2259,9182.277930755898,1344
2260,7786.533591912648,1346
2261,14180.158871800353,1359
2262,24205.579274730306,1360
2263,3720.8106569604242,1379
2264,5809.693557017029,1384
2265,2570.1235209865094,1385
2266,10026.425196876336,1390
2267,15330.343508079206,1400
2268,12993.275379028442,1401
2269,10770.732962436221,1411
2270,4923.281259862607,1414
2271,2304.492243177673,1422
2272,15670.924675203933,1435
2273,15690.585442797703,1438
2274,8813.840281769375,1441
2275,7525.405717406876,1444
2276,11469.088027444648,1449
2277,13508.22651797672,1450
2278,10037.536398549064,1459
2279,15350.329962869646,1460
2280,3860.1654490097303,1461
2281,12890.54728027035,1462
2282,5210.066518838987,1473
2283,4931.049139605719,1483
2284,19469.78132238406,1488
2285,13962.683527803092,1493
2286,9496.5818074898,1501
2287,7108.564385574585,1503
2288,10412.582916085292,1520
2289,2670.964301901366,1528
2290,11122.385411618192,1538
2291,7525.984627276138,1540
2292,24507.626171100583,1546
2293,8710.655025195685,1548
2294,6724.486226054891,1553
2295,13066.446592469745,1555
2296,11233.33821774966,1557
2297,2434.960618458983,1561
2298,22792.91356719892,1563
2299,4465.106319438189,1571
2300,11808.533943298246,1572
2301,8806.276293592256,1576
2302,12292.578178115748,1586
2303,4934.829594499622,1604
2304,17140.01062430836,1606
2305,3474.1555882784305,1612
2306,13524.584844141931,1613
2307,2994.8851537523637,1617
2308,6266.330472010896,1619
2309,4147.092680816316,1629
2310,41466.75129375571,1638
2311,14329.814495135366,1643
2312,12683.319966854806,1652
2313,10357.042055742122,1664
2314,12717.046794806194,1669
2315,9323.252974093522,1671
2316,3455.3957712395227,1678
2317,5872.162761535328,1680
2318,10176.765681015246,1685
2319,1193.7437838668784,1691
2320,5760.296332965631,1694
2321,7933.986828094097,1700
2322,9544.053318749357,1703
2323,45617.307439900374,1708
2324,6576.695248074509,1710
2325,10433.707193932945,1711
2326,19462.492038859025,1724
2327,10711.764012160435,1739
2328,3462.3261633400093,1741
2329,8377.068841839338,1742
2330,13348.339452189894,1743
2331,6446.389372519298,1755
2332,4504.411770148647,1756
2333,6806.46377307365,1760
2334,26086.404865123317,1761
2335,9442.835886013352,1764
2336,9014.822233788353,1766
2337,9962.028012913199,1770
2338,4384.541229870404,1771
2339,3301.385154450482,1777
2340,1320.7909952779153,1778
2341,11352.569650155798,1781
2342,14231.794366103923,1787
2343,11973.833244864005,1790
2344,12262.927003572804,1797
2345,5757.0533874673265,1801
2346,24274.747227748438,1804
2347,11048.839110881592,1822
2348,6631.667014407673,1828
2349,6695.846974844094,1832
2350,11505.92903751019,1833
2351,2744.9997384727285,1841
2352,6934.550383747999,1842
2353,8465.557103984833,1845
2354,3749.2228044043964,1854
2355,6994.003759600171,1855
2356,3723.834106790309,1857
2357,9394.240125994313,1859
2358,11201.695166562184,1862
2359,7552.049734882426,1870
2360,8009.744668608931,1876
2361,3491.8861400263363,1886
2362,5519.555764472726,1887
2363,9160.129359782388,1888
2364,4482.968290607035,1900
2365,5872.206137809451,1901
2366,15753.796867636274,1902
2367,13456.385923451462,1903
2368,11154.476456978846,1906
2369,3683.743565416764,1912
2370,5117.843931216698,1920
2371,6457.206350048455,1927
2372,8459.558304569304,1928
2373,7999.89926176014,1932
2374,7334.623822263499,1936
2375,7658.767544850397,1938
2376,12179.659266836323,1939
2377,17644.2268081974,1960
2378,24251.57593280058,1969
2379,5148.720181762281,1977
2380,6917.484228790782,1987
2381,17857.41471358041,1989
2382,8054.926615580601,1991
2383,13061.716839189003,2004
2384,5677.546856530485,2005
2385,5899.450819880323,2007
2386,11300.01528347974,2008
2387,12212.474214254116,2013
2388,15063.984045172654,2026
2389,6539.452741750726,2031
2390,14641.347692049536,2036
2391,10699.506611700492,2055
2392,6105.892184860964,2057
2393,17532.70955471041,2062
2394,13390.518681904483,2066
2395,12568.089267894402,2067
2396,21791.997178051057,2069
2397,9384.341348032853,2070
2398,15806.960160772074,2072
2399,13122.631620624777,2075
2400,8732.170856346034,2081
2401,11287.899713973185,2093
2402,8731.226421058534,2096
2403,10794.998323413163,2119
2404,7670.563751767175,2122
2405,9649.017854821614,2124
2406,14059.133275757495,2135
2407,5987.409183088399,2151
2408,13476.646610303798,2159
2409,2466.1947143042094,2164
2410,3209.6352546720896,2169
2411,3433.1349403306517,2170
2412,6567.634691211023,2172
2413,3060.6117433321983,2175
2414,4047.531814947057,2178
2415,20509.54625838877,2180
2416,11261.410191087392,2181
2417,4740.7696337682555,2182
2418,11424.629283962606,2183
2419,2956.064733652982,2190
2420,14622.670677344033,2193
2421,7391.5620870546345,2195
2422,7771.805351729948,2201
2423,13414.73330256636,2203
2424,16683.495286850426,2208
2425,3799.725896059784,2210
2426,11804.87181018787,2220
2427,11316.784807891934,2227
2428,4684.969909691348,2229
2429,10188.726692827588,2235
2430,13642.637820177624,2243
2431,3657.9309515609134,2249
2432,12105.433811065495,2250
2433,6717.315315470695,2255
2434,3656.574589860577,2263
2435,14022.65459873581,2266
2436,12631.07170385393,2273
2437,1212.7380123119126,2279
2438,10204.17035544692,2280
2439,24529.081808411895,2281
2440,2093.213015039697,2287
2441,3301.887614488614,2288
2442,10124.079069403806,2290
2443,5984.956663618391,2292
2444,5790.441065014197,2296
2445,12333.573157496372,2300
2446,7461.77020558971,2301
2447,9797.492238307537,2305
2448,4676.366695529175,2307
2449,12472.410268562831,2309
2450,13266.237859292387,2311
2451,2796.3288252087,2314
2452,14996.414728723094,2324
2453,11855.128202515518,2326
2454,5161.072679059749,2336
2455,3655.4489174705764,2340
2456,12685.642987584775,2351
2457,6293.343726819625,2354
2458,10312.692354261986,2360
2459,6981.854318506092,2361
2460,2430.732746574412,2367
2461,11474.419061369239,2368
2462,12219.184551998958,2370
2463,7454.204298344445,2371
2464,3322.121307484669,2376
2465,9221.405130440437,2381
2466,3063.719570603589,2382
2467,4795.983705297748,2383
2468,3203.451202793056,2386
2469,6977.991581992024,2396
2470,10136.986126940572,2400
2471,8085.425424881488,2403
2472,24233.89743362229,2406
2473,12797.10362176731,2409
2474,3801.152505922395,2413
2475,8768.871201633587,2422
2476,13466.411849166863,2428
2477,9489.19822913144,2431
2478,18672.835759845133,2434
2479,5165.888274257809,2443
2480,5846.427958332439,2444
2481,23720.63465168398,2454
2482,8553.0229812103,2457
2483,9451.087989079502,2464
2484,3195.979136072867,2465
2485,13427.865088726836,2471
